YEAR,COUNTRY_NAME,OBS_VALUE_AUD_COUNTRY,OBS_VALUE_AUD_TOTAL,MARKET_SHARE_%,IMPORT_VALUE_BILLION_AUD
2015,ANGA,27000,5039409000,0.0005357771119589618,2.7e-05
2015,ARGE,10025000,5039409000,0.19893205731068864,0.010025
2015,ASTA,31004000,5039409000,0.615230873302802,0.031004
2015,AUST,5157000,5039409000,0.10233342838416172,0.005157
2015,BELE,2000,5039409000,3.968719347844162e-05,2e-06
2015,BHRN,21819000,5039409000,0.43296743725305886,0.021819
2015,BULG,9000,5039409000,0.0001785923706529873,9e-06
2015,BVIR,748000,5039409000,0.014843010360937166,0.000748
2015,Belgium,27039000,5039409000,0.5365510122317915,0.027039
2015,Brazil,9872000,5039409000,0.19589598700958782,0.009872
2015,CHLE,547000,5039409000,0.010854447416353783,0.000547
2015,CROA,16000,5039409000,0.000317497547827533,1.6e-05
2015,Canada,40031000,5039409000,0.7943590210677482,0.040031
2015,China,674301000,5039409000,13.380557124853333,0.674301
2015,Czech Republic,6807000,5039409000,0.13507536300387604,0.006807
2015,DENM,2436000,5039409000,0.04833900165674189,0.002436
2015,DMCA,33000,5039409000,0.0006548386923942867,3.3e-05
2015,ESTO,780000,5039409000,0.015478005456592232,0.00078
2015,FIJI,4000,5039409000,7.937438695688325e-05,4e-06
2015,FINL,31505000,5039409000,0.6251725152691516,0.031505
2015,FWIN,221000,5039409000,0.0043854348793678,0.000221
2015,France,25269000,5039409000,0.5014278460033706,0.025269
2015,GREE,795000,5039409000,0.015775659407680543,0.000795
2015,GUIN,10000,5039409000,0.0001984359673922081,1e-05
2015,Germany,278016000,5039409000,5.5168373910512125,0.278016
2015,HGRY,71000,5039409000,0.0014088953684846775,7.1e-05
2015,Hong Kong,1761000,5039409000,0.03494457385776784,0.001761
2015,ICEL,3000,5039409000,5.953079021766243e-05,3e-06
2015,IRE,175000,5039409000,0.0034726294293636415,0.000175
2015,ISRA,205000,5039409000,0.004067937331540266,0.000205
2015,India,62563000,5039409000,1.2414749427958716,0.062563
2015,Indonesia,37118000,5039409000,0.736554623766398,0.037118
2015,Italy,45764000,5039409000,0.9081223611737012,0.045764
2015,Japan,1844095000,5039409000,36.5934775288134,1.844095
2015,KAZA,1929000,5039409000,0.03827829810995694,0.001929
2015,KENY,1000,5039409000,1.984359673922081e-05,1e-06
2015,LATV,2000,5039409000,3.968719347844162e-05,2e-06
2015,LITH,1000,5039409000,1.984359673922081e-05,1e-06
2015,LUX,1350000,5039409000,0.02678885559794809,0.00135
2015,MARS,98000,5039409000,0.0019446724804436392,9.8e-05
2015,MASY,5000,5039409000,9.921798369610405e-05,5e-06
2015,Malaysia,65397000,5039409000,1.2977116959548234,0.065397
2015,Mexico,2266000,5039409000,0.04496559021107436,0.002266
2015,NGRA,3000,5039409000,5.953079021766243e-05,3e-06
2015,NIGE,37000,5039409000,0.0007342130793511699,3.7e-05
2015,NWAY,9153000,5039409000,0.18162844095408806,0.009153
2015,Netherlands,12928000,5039409000,0.25653801864464665,0.012928
2015,New Zealand,52069000,5039409000,1.0332362386144882,0.052069
2015,No Country Details,786180000,5039409000,15.600638884440615,0.78618
2015,PNG,670000,5039409000,0.013295209815277943,0.00067
2015,PORT,1314000,5039409000,0.026074486115336144,0.001314
2015,Pakistan,2567000,5039409000,0.05093851282957981,0.002567
2015,Philippines,75000,5039409000,0.0014882697554415608,7.5e-05
2015,Poland,1357000,5039409000,0.02692776077512264,0.001357
2015,RICO,1000,5039409000,1.984359673922081e-05,1e-06
2015,ROUM,4326000,5039409000,0.08584339949386922,0.004326
2015,Russia,12169000,5039409000,0.241476728719578,0.012169
2015,SAMO,4000,5039409000,7.937438695688325e-05,4e-06
2015,SEYC,12000,5039409000,0.00023812316087064972,1.2e-05
2015,SLOV,330000,5039409000,0.0065483869239428664,0.00033
2015,SRIL,162000,5039409000,0.0032146626717537707,0.000162
2015,SVAK,702000,5039409000,0.013930204910933008,0.000702
2015,Singapore,92428000,5039409000,1.834103959412701,0.092428
2015,South Africa,27018000,5039409000,0.5361342967002678,0.027018
2015,South Korea,111166000,5039409000,2.2059332751122205,0.111166
2015,Spain,19689000,5039409000,0.3907005761985185,0.019689
2015,Sweden,77484000,5039409000,1.5375612497417852,0.077484
2015,Switzerland,3029000,5039409000,0.06010625452309983,0.003029
2015,TRIN,147000,5039409000,0.002917008720665459,0.000147
2015,Taiwan,245760000,5039409000,4.876762334630906,0.24576
2015,Thailand,28729000,5039409000,0.5700866907210747,0.028729
2015,Turkey,6718000,5039409000,0.1333092828940854,0.006718
2015,UAEM,111494000,5039409000,2.212441974842685,0.111494
2015,UKRA,499000,5039409000,0.009901954772871185,0.000499
2015,URUG,107000,5039409000,0.0021232648510966265,0.000107
2015,United Kingdom,35648000,5039409000,0.7073845365597434,0.035648
2015,United States,138233000,5039409000,2.74303990805271,0.138233
2015,VIRG,28000,5039409000,0.0005556207086981827,2.8e-05
2015,Vietnam,27887000,5039409000,0.5533783822666507,0.027887
2015,ZMBA,9000,5039409000,0.0001785923706529873,9e-06
2016,ALBA,565000,2533806000,0.02229847115367159,0.000565
2016,ARGE,1073000,2533806000,0.04234736203166304,0.001073
2016,ASTA,27646000,2533806000,1.0910859000254953,0.027646
2016,AUST,3993000,2533806000,0.1575890182594879,0.003993
2016,BHRN,42000,2533806000,0.0016575854662906316,4.2e-05
2016,BULG,26000,2533806000,0.0010261243362751527,2.6e-05
2016,Belgium,23519000,2533806000,0.9282083948021278,0.023519
2016,Brazil,9028000,2533806000,0.3563019426112339,0.009028
2016,CHLE,2230000,2533806000,0.08800989499590733,0.00223
2016,CHRI,2000,2533806000,7.893264125193483e-05,2e-06
2016,CROA,13000,2533806000,0.0005130621681375763,1.3e-05
2016,Canada,32199000,2533806000,1.270776057835525,0.032199
2016,China,478737000,2533806000,18.893987937513764,0.478737
2016,Czech Republic,3835000,2533806000,0.15135333960058506,0.003835
2016,DENM,3358000,2533806000,0.13252790466199857,0.003358
2016,DMCA,50000,2533806000,0.0019733160312983707,5e-05
2016,ESTO,878000,2533806000,0.034651429509599395,0.000878
2016,FIJI,7000,2533806000,0.0002762642443817719,7e-06
2016,FINL,21825000,2533806000,0.8613524476617389,0.021825
2016,France,18290000,2533806000,0.7218390042489441,0.01829
2016,GREE,4363000,2533806000,0.17219155689109583,0.004363
2016,Germany,51712000,2533806000,2.040882372210027,0.051712
2016,HGRY,30000,2533806000,0.0011839896187790225,3e-05
2016,Hong Kong,511000,2533806000,0.020167289839869353,0.000511
2016,IRE,242000,2533806000,0.009550849591484115,0.000242
2016,ISRA,67000,2533806000,0.002644243481939817,6.7e-05
2016,IWAS,3000,2533806000,0.00011839896187790227,3e-06
2016,India,41942000,2533806000,1.6552964196943254,0.041942
2016,Indonesia,24294000,2533806000,0.9587947932872525,0.024294
2016,Italy,50750000,2533806000,2.0029157717678463,0.05075
2016,Japan,193578000,2533806000,7.639811414133521,0.193578
2016,KAZA,1192000,2533806000,0.04704385418615316,0.001192
2016,LITH,22000,2533806000,0.0008682590537712832,2.2e-05
2016,LUX,1162000,2533806000,0.04585986456737414,0.001162
2016,MLTA,86000,2533806000,0.003394103573833198,8.6e-05
2016,MNGL,2000,2533806000,7.893264125193483e-05,2e-06
2016,Malaysia,53831000,2533806000,2.124511505616452,0.053831
2016,Mexico,5022000,2533806000,0.19819986218360838,0.005022
2016,NAUR,1000,2533806000,3.946632062596742e-05,1e-06
2016,NCAL,3000,2533806000,0.00011839896187790227,3e-06
2016,NWAY,2940000,2533806000,0.11603098264034423,0.00294
2016,Netherlands,9455000,2533806000,0.37315406151852193,0.009455
2016,New Zealand,29722000,2533806000,1.1730179816450037,0.029722
2016,No Country Details,690150000,2533806000,27.237681180011414,0.69015
2016,OMAN,1835000,2533806000,0.07242069834865021,0.001835
2016,PNG,122000,2533806000,0.004814891116368025,0.000122
2016,PORT,1039000,2533806000,0.04100550713038015,0.001039
2016,Pakistan,8225000,2533806000,0.32461048714858204,0.008225
2016,Philippines,355000,2533806000,0.014010543822218433,0.000355
2016,Poland,1803000,2533806000,0.07115777608861926,0.001803
2016,ROUM,1070000,2533806000,0.04222896306978514,0.00107
2016,Russia,9517000,2533806000,0.3756009733973319,0.009517
2016,SAMO,5000,2533806000,0.0001973316031298371,5e-06
2016,SLEO,2000,2533806000,7.893264125193483e-05,2e-06
2016,SLOV,285000,2533806000,0.011247901378400715,0.000285
2016,SRIL,254000,2533806000,0.010024445438995725,0.000254
2016,SUDN,1000,2533806000,3.946632062596742e-05,1e-06
2016,SVAK,493000,2533806000,0.019456896068601938,0.000493
2016,Saudi Arabia,1000,2533806000,3.946632062596742e-05,1e-06
2016,Singapore,52857000,2533806000,2.0860713093267598,0.052857
2016,South Africa,20161000,2533806000,0.7956804901401292,0.020161
2016,South Korea,79981000,2533806000,3.1565557899855006,0.079981
2016,Spain,30454000,2533806000,1.2019073283432118,0.030454
2016,Sweden,83084000,2533806000,3.279019782887877,0.083084
2016,Switzerland,5074000,2533806000,0.20025211085615868,0.005074
2016,TRIN,15000,2533806000,0.0005919948093895112,1.5e-05
2016,TUNI,2000,2533806000,7.893264125193483e-05,2e-06
2016,Taiwan,195302000,2533806000,7.707851350892689,0.195302
2016,Thailand,31464000,2533806000,1.2417683121754388,0.031464
2016,Turkey,4871000,2533806000,0.1922404477690873,0.004871
2016,UAEM,52500000,2533806000,2.0719818328632895,0.0525
2016,UKRA,440000,2533806000,0.017365181075425666,0.00044
2016,United Kingdom,30991000,2533806000,1.2231007425193563,0.030991
2016,United States,102772000,2533806000,4.0560327033719235,0.102772
2016,Vietnam,30435000,2533806000,1.2011574682513184,0.030435
2017,ALBA,702000,3058142000,0.02295511457610536,0.000702
2017,ANGA,3000,3058142000,9.809878023976651e-05,3e-06
2017,ARGE,2081000,3058142000,0.06804785389298469,0.002081
2017,ASTA,22097000,3058142000,0.7225629156527068,0.022097
2017,AUST,2194000,3058142000,0.07174290794868257,0.002194
2017,BADE,4000,3058142000,0.000130798373653022,4e-06
2017,BHRN,28000,3058142000,0.000915588615571154,2.8e-05
2017,BRUN,325000,3058142000,0.010627367859308037,0.000325
2017,BULG,4000,3058142000,0.000130798373653022,4e-06
2017,BVIR,130000,3058142000,0.004250947143723215,0.00013
2017,Belgium,16448000,3058142000,0.5378429124612265,0.016448
2017,Brazil,23597000,3058142000,0.7716123057725901,0.023597
2017,CHLE,2882000,3058142000,0.09424022821700236,0.002882
2017,CROA,14000,3058142000,0.000457794307785577,1.4e-05
2017,Canada,30358000,3058142000,0.9926942568396104,0.030358
2017,China,588354000,3058142000,19.238936583062525,0.588354
2017,Czech Republic,4862000,3058142000,0.15898542317524825,0.004862
2017,DENM,3120000,3058142000,0.10202273144935717,0.00312
2017,ECUA,1000,3058142000,3.26995934132555e-05,1e-06
2017,EGYP,1000,3058142000,3.26995934132555e-05,1e-06
2017,ESTO,1226000,3058142000,0.040089701524651244,0.001226
2017,FINL,32837000,3058142000,1.0737565489110708,0.032837
2017,France,16909000,3058142000,0.5529174250247373,0.016909
2017,GERG,10000,3058142000,0.000326995934132555,1e-05
2017,GHAN,3000,3058142000,9.809878023976651e-05,3e-06
2017,GREE,7187000,3058142000,0.23501197786106728,0.007187
2017,Germany,66694000,3058142000,2.180866683103662,0.066694
2017,HGRY,59000,3058142000,0.0019292760113820743,5.9e-05
2017,Hong Kong,803000,3058142000,0.026257773510844167,0.000803
2017,ICEL,3000,3058142000,9.809878023976651e-05,3e-06
2017,IRE,665000,3058142000,0.02174522961981491,0.000665
2017,ISRA,280000,3058142000,0.00915588615571154,0.00028
2017,India,56631000,3058142000,1.8518106745860723,0.056631
2017,Indonesia,12417000,3058142000,0.40603085141239353,0.012417
2017,Italy,57410000,3058142000,1.8772836578549983,0.05741
2017,Japan,234914000,3058142000,7.681592287081503,0.234914
2017,KAZA,1036000,3058142000,0.0338767787761327,0.001036
2017,KYRG,2000,3058142000,6.5399186826511e-05,2e-06
2017,LATV,4000,3058142000,0.000130798373653022,4e-06
2017,LEBA,93000,3058142000,0.0030410621874327618,9.3e-05
2017,LITH,22000,3058142000,0.0007193910550916209,2.2e-05
2017,LUX,3761000,3058142000,0.12298317082725393,0.003761
2017,MLTA,625000,3058142000,0.020437245883284688,0.000625
2017,Malaysia,82789000,3058142000,2.7071666390900093,0.082789
2017,Mexico,3172000,3058142000,0.10372311030684643,0.003172
2017,NAMI,5000,3058142000,0.0001634979670662775,5e-06
2017,NWAY,2998000,3058142000,0.09803338105293997,0.002998
2017,Netherlands,11352000,3058142000,0.3712057844272765,0.011352
2017,New Zealand,32207000,3058142000,1.05315580506072,0.032207
2017,No Country Details,861435000,3058142000,28.168574251947753,0.861435
2017,OMAN,2000,3058142000,6.5399186826511e-05,2e-06
2017,PERU,5000,3058142000,0.0001634979670662775,5e-06
2017,PNG,3000,3058142000,9.809878023976651e-05,3e-06
2017,PORT,842000,3058142000,0.02753305765396113,0.000842
2017,Pakistan,13553000,3058142000,0.4431775895298518,0.013553
2017,Philippines,97000,3058142000,0.003171860561085783,9.7e-05
2017,Poland,2683000,3058142000,0.0877330091277645,0.002683
2017,ROUM,468000,3058142000,0.015303409717403575,0.000468
2017,Russia,4994000,3058142000,0.16330176950579794,0.004994
2017,SAMO,5000,3058142000,0.0001634979670662775,5e-06
2017,SLEO,13000,3058142000,0.00042509471437232154,1.3e-05
2017,SLOV,363000,3058142000,0.011869952409011746,0.000363
2017,SRIL,204000,3058142000,0.006670717056304122,0.000204
2017,STCN,54000,3058142000,0.0017657780443157969,5.4e-05
2017,SVAK,273000,3058142000,0.008926989001818752,0.000273
2017,Saudi Arabia,2000,3058142000,6.5399186826511e-05,2e-06
2017,Singapore,90791000,3058142000,2.96882878558288,0.090791
2017,South Africa,24888000,3058142000,0.8138274808691028,0.024888
2017,South Korea,115579000,3058142000,3.7793863071106575,0.115579
2017,Spain,32406000,3058142000,1.0596630241499576,0.032406
2017,Sweden,107212000,3058142000,3.505788809021949,0.107212
2017,Switzerland,5848000,3058142000,0.19122722228071815,0.005848
2017,TUNI,4000,3058142000,0.000130798373653022,4e-06
2017,Taiwan,249245000,3058142000,8.150210160286866,0.249245
2017,Thailand,30675000,3058142000,1.0030600279516124,0.030675
2017,Turkey,6501000,3058142000,0.21258005677957398,0.006501
2017,UAEM,14082000,3058142000,0.46047567444546394,0.014082
2017,UKRA,354000,3058142000,0.011575656068292446,0.000354
2017,United Kingdom,32364000,3058142000,1.058289641226601,0.032364
2017,United States,108470000,3058142000,3.546924897535824,0.10847
2017,Vietnam,31408000,3058142000,1.0270288299235286,0.031408
2018,ALBA,1291000,3900867000,0.033095206783517614,0.001291
2018,ANGA,82000,3900867000,0.0021020967902776484,8.2e-05
2018,ANGO,26000,3900867000,0.0006665184944782788,2.6e-05
2018,ANTC,2000,3900867000,5.127065342140606e-05,2e-06
2018,ARGE,1036000,3900867000,0.02655819847228834,0.001036
2018,ASTA,19994000,3900867000,0.5125527222537964,0.019994
2018,AUST,2366000,3900867000,0.06065318299752337,0.002366
2018,BADE,2000,3900867000,5.127065342140606e-05,2e-06
2018,BELE,2000,3900867000,5.127065342140606e-05,2e-06
2018,BHRN,11000,3900867000,0.0002819885938177333,1.1e-05
2018,BRUN,240000,3900867000,0.006152478410568727,0.00024
2018,BULG,23000,3900867000,0.0005896125143461697,2.3e-05
2018,BVIR,5000,3900867000,0.00012817663355351515,5e-06
2018,Belgium,19755000,3900867000,0.5064258791699383,0.019755
2018,Brazil,6000000,3900867000,0.1538119602642182,0.006
2018,CEAR,3000,3900867000,7.69059801321091e-05,3e-06
2018,CHLE,4381000,3900867000,0.11230836631958999,0.004381
2018,CROA,18000,3900867000,0.0004614358807926545,1.8e-05
2018,CYPR,1000,3900867000,2.563532671070303e-05,1e-06
2018,Canada,29476000,3900867000,0.7556268901246825,0.029476
2018,China,778790000,3900867000,19.964536089028414,0.77879
2018,Czech Republic,4649000,3900867000,0.1191786338780584,0.004649
2018,DENM,3837000,3900867000,0.09836274858896753,0.003837
2018,ECUA,2000,3900867000,5.127065342140606e-05,2e-06
2018,EGYP,971000,3900867000,0.024891902236092642,0.000971
2018,ESTO,1318000,3900867000,0.03378736060470659,0.001318
2018,FIJI,0,3900867000,0.0,0.0
2018,FINL,32380000,3900867000,0.8300718788925642,0.03238
2018,FWIN,3000,3900867000,7.69059801321091e-05,3e-06
2018,France,19318000,3900867000,0.4952232413973611,0.019318
2018,GERG,6000,3900867000,0.0001538119602642182,6e-06
2018,GREE,406000,3900867000,0.01040794264454543,0.000406
2018,Germany,91235000,3900867000,2.338839032450991,0.091235
2018,HGRY,76000,3900867000,0.0019482848300134304,7.6e-05
2018,Hong Kong,1697000,3900867000,0.04350314942806304,0.001697
2018,IRE,731000,3900867000,0.018739423825523915,0.000731
2018,ISRA,21000,3900867000,0.0005383418609247637,2.1e-05
2018,India,89444000,3900867000,2.292926162312122,0.089444
2018,Indonesia,26913000,3900867000,0.6899235477651507,0.026913
2018,Italy,74531000,3900867000,1.9106265350754077,0.074531
2018,Japan,273330000,3900867000,7.00690384983646,0.27333
2018,KAZA,2729000,3900867000,0.06995880659350857,0.002729
2018,LATV,2000,3900867000,5.127065342140606e-05,2e-06
2018,LITH,8000,3900867000,0.00020508261368562425,8e-06
2018,LUX,4118000,3900867000,0.10556627539467509,0.004118
2018,MALI,3000,3900867000,7.69059801321091e-05,3e-06
2018,Malaysia,189525000,3900867000,4.858535294845992,0.189525
2018,Mexico,8567000,3900867000,0.21961784393059286,0.008567
2018,NAUR,3000,3900867000,7.69059801321091e-05,3e-06
2018,NCAL,44000,3900867000,0.0011279543752709333,4.4e-05
2018,NWAY,5852000,3900867000,0.15001793191103413,0.005852
2018,Netherlands,11570000,3900867000,0.29660073004283405,0.01157
2018,New Zealand,56986000,3900867000,1.460854727936123,0.056986
2018,No Country Details,1120250000,3900867000,28.71797474766507,1.12025
2018,PERU,6000,3900867000,0.0001538119602642182,6e-06
2018,PNG,49000,3900867000,0.0012561310088244485,4.9e-05
2018,PORT,5098000,3900867000,0.13068889557116403,0.005098
2018,Pakistan,12469000,3900867000,0.3196468887557561,0.012469
2018,Philippines,92000,3900867000,0.002358450057384679,9.2e-05
2018,Poland,10339000,3900867000,0.26504364286195864,0.010339
2018,QATA,5000,3900867000,0.00012817663355351515,5e-06
2018,ROUM,688000,3900867000,0.017637104776963685,0.000688
2018,Russia,5697000,3900867000,0.14604445627087517,0.005697
2018,SERB,7000,3900867000,0.0001794472869749212,7e-06
2018,SLOV,205000,3900867000,0.005255241975694122,0.000205
2018,SRIL,146000,3900867000,0.003742757699762643,0.000146
2018,SVAK,210000,3900867000,0.005383418609247636,0.00021
2018,Saudi Arabia,12000,3900867000,0.0003076239205284364,1.2e-05
2018,Singapore,127428000,3900867000,3.266658412091466,0.127428
2018,South Africa,51778000,3900867000,1.3273459464267814,0.051778
2018,South Korea,140712000,3900867000,3.6071980921164446,0.140712
2018,Spain,21407000,3900867000,0.5487754388960198,0.021407
2018,Sweden,107616000,3900867000,2.7587713192990173,0.107616
2018,Switzerland,12002000,3900867000,0.30767519118185777,0.012002
2018,TRIN,22000,3900867000,0.0005639771876354666,2.2e-05
2018,Taiwan,261807000,3900867000,6.711507980149029,0.261807
2018,Thailand,25827000,3900867000,0.6620835829573272,0.025827
2018,Turkey,14351000,3900867000,0.3678925736252992,0.014351
2018,UAEM,19964000,3900867000,0.5117836624524753,0.019964
2018,UKRA,3318000,3900867000,0.08505801402611265,0.003318
2018,United Kingdom,33501000,3900867000,0.8588090801352622,0.033501
2018,United States,131790000,3900867000,3.378479707203552,0.13179
2018,VENZ,1000,3900867000,2.563532671070303e-05,1e-06
2018,Vietnam,30291000,3900867000,0.7765196813939055,0.030291
2019,AGUA,24000,3270335000,0.000733869771751212,2.4e-05
2019,ALBA,951000,3270335000,0.029079589705641774,0.000951
2019,ARGE,4199000,3270335000,0.1283966321493058,0.004199
2019,ASTA,31365000,3270335000,0.9590760579573652,0.031365
2019,AUST,2230000,3270335000,0.06818873295855012,0.00223
2019,BHRN,508000,3270335000,0.015533576835400655,0.000508
2019,BULG,29000,3270335000,0.0008867593075327146,2.9e-05
2019,Belgium,24463000,3270335000,0.7480273427645792,0.024463
2019,Brazil,6401000,3270335000,0.19572918370747952,0.006401
2019,CHLE,1088000,3270335000,0.033268762986054946,0.001088
2019,CMBD,2000,3270335000,6.1155814312601e-05,2e-06
2019,COMB,2000,3270335000,6.1155814312601e-05,2e-06
2019,CROA,74000,3270335000,0.0022627651295662374,7.4e-05
2019,Canada,37687000,3270335000,1.152389586999497,0.037687
2019,China,740839000,3270335000,22.653306159766508,0.740839
2019,Czech Republic,4880000,3270335000,0.14922018692274644,0.00488
2019,DENM,2589000,3270335000,0.079166201627662,0.002589
2019,ESTO,1482000,3270335000,0.04531645840563735,0.001482
2019,FINL,29396000,3270335000,0.8988681587666094,0.029396
2019,France,28345000,3270335000,0.8667307783453377,0.028345
2019,GERG,32000,3270335000,0.000978493029001616,3.2e-05
2019,GREE,921000,3270335000,0.02816225249095276,0.000921
2019,Germany,91233000,3270335000,2.789714203590764,0.091233
2019,HGRY,368000,3270335000,0.011252669833518584,0.000368
2019,Hong Kong,466000,3270335000,0.014249304734836033,0.000466
2019,IRE,44000,3270335000,0.0013454279148772219,4.4e-05
2019,ISRA,193000,3270335000,0.005901536081165996,0.000193
2019,IWAS,2596000,3270335000,0.0793802469777561,0.002596
2019,India,96330000,3270335000,2.9455697963664274,0.09633
2019,Indonesia,19188000,3270335000,0.586728882515094,0.019188
2019,Italy,60059000,3270335000,1.8364785259002518,0.060059
2019,Japan,220179000,3270335000,6.732613019767088,0.220179
2019,KAZA,1218000,3270335000,0.03724389091637401,0.001218
2019,KUWA,8000,3270335000,0.000244623257250404,8e-06
2019,LATV,0,3270335000,0.0,0.0
2019,LEBA,1000,3270335000,3.05779071563005e-05,1e-06
2019,LITH,9000,3270335000,0.00027520116440670454,9e-06
2019,LUX,4334000,3270335000,0.1325246496154064,0.004334
2019,MALI,86000,3270335000,0.002629700015441843,8.6e-05
2019,MLDV,59000,3270335000,0.0018040965222217294,5.9e-05
2019,MLTA,233000,3270335000,0.0071246523674180166,0.000233
2019,MORO,5000,3270335000,0.00015288953578150252,5e-06
2019,Malaysia,107448000,3270335000,3.285534968130176,0.107448
2019,Mexico,19643000,3270335000,0.6006418302712108,0.019643
2019,NAUR,6000,3270335000,0.000183467442937803,6e-06
2019,NCAL,4000,3270335000,0.000122311628625202,4e-06
2019,NWAY,2750000,3270335000,0.08408924467982637,0.00275
2019,Netherlands,8843000,3270335000,0.2704004329831653,0.008843
2019,New Zealand,25302000,3270335000,0.7736822068687154,0.025302
2019,No Country Details,966678000,3270335000,29.558990134038254,0.966678
2019,OMAN,33000,3270335000,0.0010090709361579165,3.3e-05
2019,PERU,17000,3270335000,0.0005198244216571085,1.7e-05
2019,PNG,36000,3270335000,0.0011008046576268182,3.6e-05
2019,PORT,1785000,3270335000,0.054581564273996394,0.001785
2019,Pakistan,5919000,3270335000,0.18099063245814268,0.005919
2019,Philippines,182000,3270335000,0.005565179102446691,0.000182
2019,Poland,2783000,3270335000,0.08509831561598429,0.002783
2019,QATA,1000,3270335000,3.05779071563005e-05,1e-06
2019,ROUM,840000,3270335000,0.02568544201129242,0.00084
2019,Russia,6777000,3270335000,0.2072264767982485,0.006777
2019,SAMO,140000,3270335000,0.00428090700188207,0.00014
2019,SERB,2000,3270335000,6.1155814312601e-05,2e-06
2019,SLOV,526000,3270335000,0.016083979164214064,0.000526
2019,SRIL,125000,3270335000,0.0038222383945375627,0.000125
2019,SRNM,1000,3270335000,3.05779071563005e-05,1e-06
2019,SVAK,56000,3270335000,0.001712362800752828,5.6e-05
2019,Saudi Arabia,3962000,3270335000,0.1211496681532626,0.003962
2019,Singapore,58961000,3270335000,1.802903983842634,0.058961
2019,South Africa,41253000,3270335000,1.2614304039188644,0.041253
2019,South Korea,85280000,3270335000,2.6076839222893065,0.08528
2019,Spain,22424000,3270335000,0.6856789900728825,0.022424
2019,Sweden,86372000,3270335000,2.641074996903987,0.086372
2019,Switzerland,5701000,3270335000,0.17432464869806916,0.005701
2019,TUNI,2000,3270335000,6.1155814312601e-05,2e-06
2019,Taiwan,184670000,3270335000,5.646822114554014,0.18467
2019,Thailand,19546000,3270335000,0.5976757732770497,0.019546
2019,Turkey,9905000,3270335000,0.3028741703831565,0.009905
2019,UAEM,14163000,3270335000,0.43307489905468394,0.014163
2019,UKRA,4385000,3270335000,0.13408412288037772,0.004385
2019,UZBK,1000,3270335000,3.05779071563005e-05,1e-06
2019,United Kingdom,31424000,3270335000,0.960880154479587,0.031424
2019,United States,116585000,3270335000,3.564925305817294,0.116585
2019,Vietnam,21672000,3270335000,0.6626844038913444,0.021672
2019,ZMBA,16000,3270335000,0.000489246514500808,1.6e-05
2020,ALBA,1133000,3134767000,0.03614303710610709,0.001133
2020,ARGE,6099000,3134767000,0.19455991466032402,0.006099
2020,ASTA,27187000,3134767000,0.8672733890588997,0.027187
2020,AUST,5566000,3134767000,0.17755705607466202,0.005566
2020,BELA,15000,3134767000,0.0004785044630111265,1.5e-05
2020,BHRN,2165000,3134767000,0.0690641441612726,0.002165
2020,BOHR,3000,3134767000,9.57008926022253e-05,3e-06
2020,BULG,14000,3134767000,0.0004466041654770514,1.4e-05
2020,BURM,56000,3134767000,0.0017864166619082056,5.6e-05
2020,Belgium,20270000,3134767000,0.6466190310157023,0.02027
2020,Brazil,15753000,3134767000,0.5025253870542851,0.015753
2020,CHLE,1326000,3134767000,0.04229979453018358,0.001326
2020,CROA,59000,3134767000,0.001882117554510431,5.9e-05
2020,Canada,46025000,3134767000,1.4682111940058065,0.046025
2020,China,694644000,3134767000,22.159350280260064,0.694644
2020,Czech Republic,3432000,3134767000,0.10948182113694575,0.003432
2020,DENM,3842000,3134767000,0.12256094312591655,0.003842
2020,ESTO,1108000,3134767000,0.03534552966775521,0.001108
2020,FINL,37464000,3134767000,1.1951127468165896,0.037464
2020,France,14874000,3134767000,0.474485025521833,0.014874
2020,GERG,6000,3134767000,0.0001914017852044506,6e-06
2020,GREE,306000,3134767000,0.00976149104542698,0.000306
2020,Germany,81619000,3134767000,2.6036703844336753,0.081619
2020,HGRY,140000,3134767000,0.0044660416547705134,0.00014
2020,Hong Kong,176000,3134767000,0.005614452365997218,0.000176
2020,IRE,79000,3134767000,0.002520123505191933,7.9e-05
2020,ISRA,147000,3134767000,0.004689343737509039,0.000147
2020,IVOR,1000,3134767000,3.19002975340751e-05,1e-06
2020,India,106558000,3134767000,3.3992319046359745,0.106558
2020,Indonesia,27128000,3134767000,0.8653912715043893,0.027128
2020,Italy,60098000,3134767000,1.9171440812028453,0.060098
2020,Japan,256419000,3134767000,8.179842393390004,0.256419
2020,KAZA,23553000,3134767000,0.7513477078200709,0.023553
2020,LATV,0,3134767000,0.0,0.0
2020,LEBA,5000,3134767000,0.00015950148767037548,5e-06
2020,LITH,3000,3134767000,9.57008926022253e-05,3e-06
2020,LUX,2902000,3134767000,0.09257466344388594,0.002902
2020,MALI,214000,3134767000,0.006826663672292071,0.000214
2020,Malaysia,79813000,3134767000,2.546058447087136,0.079813
2020,Mexico,25499000,3134767000,0.8134256868213809,0.025499
2020,NAUR,21000,3134767000,0.0006699062482155771,2.1e-05
2020,NCAL,35000,3134767000,0.0011165104136926284,3.5e-05
2020,NICA,154000,3134767000,0.004912645820247565,0.000154
2020,NIGE,2000,3134767000,6.38005950681502e-05,2e-06
2020,NWAY,4513000,3134767000,0.14396604277128094,0.004513
2020,Netherlands,8105000,3134767000,0.2585519115136787,0.008105
2020,New Zealand,23092000,3134767000,0.7366416706568621,0.023092
2020,No Country Details,882137000,3134767000,28.14043276581641,0.882137
2020,OMAN,170000,3134767000,0.005423050580792767,0.00017
2020,PERU,12000,3134767000,0.0003828035704089012,1.2e-05
2020,PNG,1135000,3134767000,0.03620683770117524,0.001135
2020,PNMA,1000,3134767000,3.19002975340751e-05,1e-06
2020,PORT,60000,3134767000,0.001914017852044506,6e-05
2020,Pakistan,6007000,3134767000,0.19162508728718913,0.006007
2020,Philippines,6000,3134767000,0.0001914017852044506,6e-06
2020,Poland,2848000,3134767000,0.09085204737704589,0.002848
2020,RICO,9000,3134767000,0.0002871026778066759,9e-06
2020,ROUM,1524000,3134767000,0.04861605344193045,0.001524
2020,Russia,6183000,3134767000,0.19723953965318633,0.006183
2020,SERB,5000,3134767000,0.00015950148767037548,5e-06
2020,SLEO,6000,3134767000,0.0001914017852044506,6e-06
2020,SLOV,540000,3134767000,0.017226160668400554,0.00054
2020,SSUD,44000,3134767000,0.0014036130914993044,4.4e-05
2020,SVAK,103000,3134767000,0.003285730646009735,0.000103
2020,Saudi Arabia,384000,3134767000,0.012249714253084838,0.000384
2020,Singapore,47693000,3134767000,1.5214208902926438,0.047693
2020,South Africa,25544000,3134767000,0.8148612002104143,0.025544
2020,South Korea,84316000,3134767000,2.689705486883076,0.084316
2020,Spain,17566000,3134767000,0.5603606264835632,0.017566
2020,Sweden,76191000,3134767000,2.430515569418716,0.076191
2020,Switzerland,2393000,3134767000,0.07633741199904172,0.002393
2020,TRIN,49000,3134767000,0.0015631145791696799,4.9e-05
2020,TUNI,3000,3134767000,9.57008926022253e-05,3e-06
2020,Taiwan,188985000,3134767000,6.028677729477183,0.188985
2020,Thailand,19625000,3134767000,0.6260433391062238,0.019625
2020,Turkey,14517000,3134767000,0.4630966193021682,0.014517
2020,UAEM,6523000,3134767000,0.20808564081477185,0.006523
2020,UKRA,8872000,3134767000,0.28301943972231425,0.008872
2020,URUG,19000,3134767000,0.0006061056531474269,1.9e-05
2020,United Kingdom,33593000,3134767000,1.0716266950621849,0.033593
2020,United States,99837000,3134767000,3.184830004909456,0.099837
2020,Vietnam,26244000,3134767000,0.8371914084842669,0.026244
2021,ALBA,1065000,4049700000,0.026298244314393655,0.001065
2021,ANTI,4000,4049700000,9.877274859866162e-05,4e-06
2021,ARGE,710000,4049700000,0.017532162876262438,0.00071
2021,ASTA,15450000,4049700000,0.3815097414623305,0.01545
2021,AUST,1620000,4049700000,0.04000296318245796,0.00162
2021,BELA,32000,4049700000,0.000790181988789293,3.2e-05
2021,BHRN,1610000,4049700000,0.0397560313109613,0.00161
2021,BULG,48000,4049700000,0.0011852729831839397,4.8e-05
2021,Belgium,23129000,4049700000,0.5711287255846113,0.023129
2021,Brazil,13253000,4049700000,0.3272588092945156,0.013253
2021,CHLE,81000,4049700000,0.002000148159122898,8.1e-05
2021,COMB,8000,4049700000,0.00019754549719732325,8e-06
2021,CROA,98000,4049700000,0.00241993234066721,9.8e-05
2021,Canada,40829000,4049700000,1.0081981381336889,0.040829
2021,China,885186000,4049700000,21.858063560263723,0.885186
2021,Czech Republic,27455000,4049700000,0.6779514531940638,0.027455
2021,DENM,3208000,4049700000,0.07921574437612662,0.003208
2021,ESTO,997000,4049700000,0.02461910758821641,0.000997
2021,FINL,34264000,4049700000,0.8460873644961355,0.034264
2021,France,20066000,4049700000,0.49549349334518605,0.020066
2021,GERG,14000,4049700000,0.0003457046200953157,1.4e-05
2021,GREE,295000,4049700000,0.007284490209151295,0.000295
2021,Germany,79877000,4049700000,1.9724177099538238,0.079877
2021,HGRY,145000,4049700000,0.003580512136701484,0.000145
2021,Hong Kong,302000,4049700000,0.007457342519198953,0.000302
2021,IRE,46000,4049700000,0.0011358866088846088,4.6e-05
2021,ISRA,129000,4049700000,0.0031854211423068372,0.000129
2021,India,183397000,4049700000,4.528656443687186,0.183397
2021,Indonesia,65787000,4049700000,1.6244907030150382,0.065787
2021,Italy,62449000,4049700000,1.5420648443094551,0.062449
2021,Japan,110281000,4049700000,2.7231893720522504,0.110281
2021,KAZA,25164000,4049700000,0.6213793614341803,0.025164
2021,LATV,5000,4049700000,0.00012346593574832703,5e-06
2021,LIBE,9000,4049700000,0.00022223868434698867,9e-06
2021,LITH,37000,4049700000,0.0009136479245376201,3.7e-05
2021,LUX,3431000,4049700000,0.08472232511050201,0.003431
2021,MACA,2000,4049700000,4.938637429933081e-05,2e-06
2021,Malaysia,52545000,4049700000,1.2975035187791688,0.052545
2021,Mexico,8115000,4049700000,0.2003852137195348,0.008115
2021,NCAL,4000,4049700000,9.877274859866162e-05,4e-06
2021,NWAY,15260000,4049700000,0.3768180359038941,0.01526
2021,Netherlands,7756000,4049700000,0.1915203595328049,0.007756
2021,New Zealand,27890000,4049700000,0.6886929896041681,0.02789
2021,No Country Details,1404843000,4049700000,34.6900511148974,1.404843
2021,OMAN,87271000,4049700000,2.15499913573845,0.087271
2021,PERU,45000,4049700000,0.0011111934217349433,4.5e-05
2021,PNG,1000,4049700000,2.4693187149665406e-05,1e-06
2021,PNMA,1000,4049700000,2.4693187149665406e-05,1e-06
2021,PORT,160000,4049700000,0.003950909943946465,0.00016
2021,PSIA,34000,4049700000,0.0008395683630886238,3.4e-05
2021,Pakistan,17185000,4049700000,0.42435242116700006,0.017185
2021,Philippines,194000,4049700000,0.004790478307035089,0.000194
2021,Poland,2419000,4049700000,0.059732819715040616,0.002419
2021,QATA,921000,4049700000,0.02274242536484184,0.000921
2021,ROUM,1517000,4049700000,0.03745956490604242,0.001517
2021,Russia,69471000,4049700000,1.7154604044744055,0.069471
2021,SERB,1000,4049700000,2.4693187149665406e-05,1e-06
2021,SLOV,32000,4049700000,0.000790181988789293,3.2e-05
2021,SVAK,96000,4049700000,0.0023705459663678793,9.6e-05
2021,Saudi Arabia,32000,4049700000,0.000790181988789293,3.2e-05
2021,Singapore,57480000,4049700000,1.4193643973627676,0.05748
2021,South Africa,23179000,4049700000,0.5723633849420945,0.023179
2021,South Korea,114834000,4049700000,2.8356174531446774,0.114834
2021,Spain,9611000,4049700000,0.23732622169543421,0.009611
2021,Sweden,90483000,4049700000,2.234313652863175,0.090483
2021,Switzerland,2987000,4049700000,0.07375855001605057,0.002987
2021,TUNI,12000,4049700000,0.0002963182457959849,1.2e-05
2021,Taiwan,253691000,4049700000,6.264439341185766,0.253691
2021,Thailand,22634000,4049700000,0.5589055979455269,0.022634
2021,Turkey,6302000,4049700000,0.1556164654171914,0.006302
2021,UAEM,9398000,4049700000,0.23206657283255547,0.009398
2021,UKRA,2337000,4049700000,0.05770797836876806,0.002337
2021,URUG,43000,4049700000,0.0010618070474356124,4.3e-05
2021,United Kingdom,32184000,4049700000,0.7947255352248315,0.032184
2021,United States,81482000,4049700000,2.012050275329037,0.081482
2021,Vietnam,46733000,4049700000,1.1539867150653134,0.046733
2021,ZMBA,34000,4049700000,0.0008395683630886238,3.4e-05
2022,ALBA,928000,5215394000,0.017793478306720453,0.000928
2022,ARGE,1644000,5215394000,0.03152206717268149,0.001644
2022,ASTA,38571000,5215394000,0.7395606161298648,0.038571
2022,AUST,1290000,5215394000,0.02473446876688511,0.00129
2022,BELA,5000,5215394000,9.587003398017485e-05,5e-06
2022,BELE,304000,5215394000,0.005828898065994631,0.000304
2022,BHRN,4338000,5215394000,0.08317684148119969,0.004338
2022,BULG,39000,5215394000,0.0007477862650453638,3.9e-05
2022,Belgium,20991000,5215394000,0.40248157665557,0.020991
2022,Brazil,6724000,5215394000,0.12892602169653913,0.006724
2022,CHLE,823000,5215394000,0.01578020759313678,0.000823
2022,COMB,2000,5215394000,3.834801359206993e-05,2e-06
2022,COST,6000,5215394000,0.00011504404077620982,6e-06
2022,CROA,41000,5215394000,0.0007861342786374336,4.1e-05
2022,Canada,44218000,5215394000,0.8478362325070743,0.044218
2022,China,1177430000,5215394000,22.576050821855453,1.17743
2022,Czech Republic,6096000,5215394000,0.11688474542862917,0.006096
2022,DENM,3538000,5215394000,0.06783763604437172,0.003538
2022,EGYP,73000,5215394000,0.0013997024961105529,7.3e-05
2022,ESTO,1282000,5215394000,0.02458107671251683,0.001282
2022,FIJI,46000,5215394000,0.0008820043126176086,4.6e-05
2022,FINL,70613000,5215394000,1.3539341418884172,0.070613
2022,France,22470000,5215394000,0.4308399327069058,0.02247
2022,GERG,11000,5215394000,0.00021091407475638466,1.1e-05
2022,GIBR,3000,5215394000,5.752202038810491e-05,3e-06
2022,GREE,7154000,5215394000,0.13717084461883416,0.007154
2022,Germany,131909000,5215394000,2.5292240624581765,0.131909
2022,HGRY,107000,5215394000,0.0020516187271757413,0.000107
2022,Hong Kong,855000,5215394000,0.016393775810609898,0.000855
2022,IRE,50000,5215394000,0.0009587003398017485,5e-05
2022,ISRA,169000,5215394000,0.0032404071485299096,0.000169
2022,India,168776000,5215394000,3.2361121710075977,0.168776
2022,Indonesia,51467000,5215394000,0.9868286077715317,0.051467
2022,Italy,85455000,5215394000,1.6385147507551685,0.085455
2022,Japan,176072000,5215394000,3.3760057245914687,0.176072
2022,KAZA,11175000,5215394000,0.2142695259456908,0.011175
2022,LATV,22000,5215394000,0.0004218281495127693,2.2e-05
2022,LEBA,30000,5215394000,0.0005752202038810491,3e-05
2022,LITH,53000,5215394000,0.0010162223601898532,5.3e-05
2022,LUX,5045000,5215394000,0.09673286428599642,0.005045
2022,MLTA,104000,5215394000,0.0019940967067876366,0.000104
2022,Malaysia,64965000,5215394000,1.2456393515044117,0.064965
2022,Mexico,20973000,5215394000,0.4021364445332414,0.020973
2022,NCAL,6000,5215394000,0.00011504404077620982,6e-06
2022,NGRA,2000,5215394000,3.834801359206993e-05,2e-06
2022,NIGE,36000,5215394000,0.0006902642446572589,3.6e-05
2022,NWAY,19641000,5215394000,0.37659666748092285,0.019641
2022,Netherlands,10706000,5215394000,0.2052769167583504,0.010706
2022,New Zealand,41159000,5215394000,0.7891829457180033,0.041159
2022,No Country Details,1878958000,5215394000,36.02715346146427,1.878958
2022,OMAN,33087000,5215394000,0.634410362860409,0.033087
2022,PERU,11000,5215394000,0.00021091407475638466,1.1e-05
2022,PLYN,1000,5215394000,1.9174006796034967e-05,1e-06
2022,PNG,21000,5215394000,0.00040265414271673433,2.1e-05
2022,PORT,180000,5215394000,0.0034513212232862942,0.00018
2022,Pakistan,19258000,5215394000,0.3692530228780414,0.019258
2022,Philippines,140000,5215394000,0.0026843609514448957,0.00014
2022,Poland,2150000,5215394000,0.04122411461147518,0.00215
2022,QATA,461000,5215394000,0.008839217132972121,0.000461
2022,ROUM,1724000,5215394000,0.03305598771636428,0.001724
2022,Russia,42679000,5215394000,0.8183274360479765,0.042679
2022,SALV,9000,5215394000,0.00017256606116431472,9e-06
2022,SERB,1000,5215394000,1.9174006796034967e-05,1e-06
2022,SEYC,345000,5215394000,0.006615032344632064,0.000345
2022,SLEO,3000,5215394000,5.752202038810491e-05,3e-06
2022,SLOV,501000,5215394000,0.00960617740481352,0.000501
2022,SRIL,2000,5215394000,3.834801359206993e-05,2e-06
2022,SVAK,99000,5215394000,0.001898226672807462,9.9e-05
2022,Saudi Arabia,34000,5215394000,0.0006519162310651889,3.4e-05
2022,Singapore,58463000,5215394000,1.1209699593165925,0.058463
2022,South Africa,54910000,5215394000,1.05284471317028,0.05491
2022,South Korea,199914000,5215394000,3.8331523946225348,0.199914
2022,Spain,14426000,5215394000,0.27660422203960044,0.014426
2022,Sweden,107957000,5215394000,2.0699682516795472,0.107957
2022,Switzerland,3828000,5215394000,0.07339809801522186,0.003828
2022,TUNI,202000,5215394000,0.003873149372799064,0.000202
2022,Taiwan,271861000,5215394000,5.212664661576863,0.271861
2022,Thailand,25563000,5215394000,0.49014513572704194,0.025563
2022,Turkey,10171000,5215394000,0.19501882312247168,0.010171
2022,UAEM,9721000,5215394000,0.18639052006425594,0.009721
2022,UKRA,1106000,5215394000,0.021206451516414676,0.001106
2022,URUG,2046000,5215394000,0.039230017904687546,0.002046
2022,United Kingdom,47135000,5215394000,0.9037668103311083,0.047135
2022,United States,100630000,5215394000,1.9294803038849988,0.10063
2022,VANU,25000,5215394000,0.00047935016990087426,2.5e-05
2022,Vietnam,130351000,5215394000,2.4993509598699544,0.130351
2022,ZAIR,4000,5215394000,7.669602718413987e-05,4e-06
2023,ALBA,212000,4745636000,0.004467262133041809,0.000212
2023,ANGO,3000,4745636000,6.321597358078032e-05,3e-06
2023,ARGE,1604000,4745636000,0.03379947387452388,0.001604
2023,ASTA,12691000,4745636000,0.26742464023789436,0.012691
2023,AUST,1679000,4745636000,0.035379873214043386,0.001679
2023,BELA,1000,4745636000,2.107199119359344e-05,1e-06
2023,BHRN,868000,4745636000,0.018290488356039105,0.000868
2023,BULG,17000,4745636000,0.0003582238502910885,1.7e-05
2023,Belgium,13620000,4745636000,0.28700052005674265,0.01362
2023,Brazil,32595000,4745636000,0.6868415529551782,0.032595
2023,CHLE,9000,4745636000,0.00018964792074234097,9e-06
2023,CMBD,2000,4745636000,4.214398238718688e-05,2e-06
2023,COBR,1000,4745636000,2.107199119359344e-05,1e-06
2023,CROA,208000,4745636000,0.004382974168267435,0.000208
2023,Canada,42495000,4745636000,0.8954542657717532,0.042495
2023,China,1030420000,4745636000,21.713001165702554,1.03042
2023,Czech Republic,10633000,4745636000,0.22405848236147904,0.010633
2023,DENM,3359000,4745636000,0.07078081841928037,0.003359
2023,EGYP,1000,4745636000,2.107199119359344e-05,1e-06
2023,ESTO,1331000,4745636000,0.02804682027867287,0.001331
2023,FINL,37801000,4745636000,0.7965423391090256,0.037801
2023,FRGU,68000,4745636000,0.001432895401164354,6.8e-05
2023,France,22687000,4745636000,0.4780602642090544,0.022687
2023,GERG,293000,4745636000,0.006174093419722878,0.000293
2023,GREE,308000,4745636000,0.006490173287626779,0.000308
2023,Germany,131949000,4745636000,2.780428166003461,0.131949
2023,HGRY,119000,4745636000,0.0025075669520376194,0.000119
2023,Hong Kong,1215000,4745636000,0.025602469300216032,0.001215
2023,IRE,77000,4745636000,0.0016225433219066948,7.7e-05
2023,ISRA,171000,4745636000,0.0036033104941044784,0.000171
2023,India,223588000,4745636000,4.71144436699317,0.223588
2023,Indonesia,203715000,4745636000,4.292680686002888,0.203715
2023,Italy,77351000,4745636000,1.629939590815646,0.077351
2023,Japan,232483000,4745636000,4.898879728660184,0.232483
2023,KAZA,7549000,4745636000,0.1590724615204369,0.007549
2023,KYRG,1000,4745636000,2.107199119359344e-05,1e-06
2023,LATV,3000,4745636000,6.321597358078032e-05,3e-06
2023,LITH,278000,4745636000,0.005858013551818976,0.000278
2023,LUX,2354000,4745636000,0.04960346726971896,0.002354
2023,MACA,1000,4745636000,2.107199119359344e-05,1e-06
2023,MAUS,60000,4745636000,0.0012643194716156065,6e-05
2023,MLTA,1000,4745636000,2.107199119359344e-05,1e-06
2023,Malaysia,115005000,4745636000,2.423384347219214,0.115005
2023,Mexico,17436000,4745636000,0.3674112384514952,0.017436
2023,NAUR,91000,4745636000,0.001917551198617003,9.1e-05
2023,NCAL,11000,4745636000,0.00023179190312952786,1.1e-05
2023,NICA,14000,4745636000,0.00029500787671030815,1.4e-05
2023,NIGE,2000,4745636000,4.214398238718688e-05,2e-06
2023,NWAY,8527000,4745636000,0.17968086890777127,0.008527
2023,Netherlands,13512000,4745636000,0.28472474500783457,0.013512
2023,New Zealand,48903000,4745636000,1.0304835853403,0.048903
2023,No Country Details,1405808000,4745636000,29.623173795883208,1.405808
2023,OMAN,34180000,4745636000,0.7202406589970238,0.03418
2023,PERU,3000,4745636000,6.321597358078032e-05,3e-06
2023,PNG,175000,4745636000,0.003687598458878852,0.000175
2023,PORT,148000,4745636000,0.003118654696651829,0.000148
2023,Pakistan,8522000,4745636000,0.1795755089518033,0.008522
2023,Philippines,335000,4745636000,0.007059117049853802,0.000335
2023,Poland,2565000,4745636000,0.05404965741156718,0.002565
2023,ROUM,3286000,4745636000,0.06924256306214804,0.003286
2023,Russia,4481000,4745636000,0.09442359253849221,0.004481
2023,SALV,15000,4745636000,0.0003160798679039016,1.5e-05
2023,SAMO,6000,4745636000,0.00012643194716156065,6e-06
2023,SERB,4000,4745636000,8.428796477437375e-05,4e-06
2023,SEYC,91000,4745636000,0.001917551198617003,9.1e-05
2023,SLEO,20000,4745636000,0.00042143982387186885,2e-05
2023,SLOV,2372000,4745636000,0.04998276311120364,0.002372
2023,SRIL,16000,4745636000,0.000337151859097495,1.6e-05
2023,SVAK,145000,4745636000,0.003055438723071049,0.000145
2023,Singapore,58076000,4745636000,1.2237769605591327,0.058076
2023,South Africa,27458000,4745636000,0.5785947341936887,0.027458
2023,South Korea,177680000,4745636000,3.7440713952776825,0.17768
2023,Spain,13677000,4745636000,0.28820162355477746,0.013677
2023,Sweden,99255000,4745636000,2.091500485920117,0.099255
2023,Switzerland,4026000,4745636000,0.08483583654540719,0.004026
2023,Taiwan,210490000,4745636000,4.435443426339483,0.21049
2023,Thailand,41574000,4745636000,0.8760469618824537,0.041574
2023,Turkey,55341000,4745636000,1.1661450646446545,0.055341
2023,UAEM,45787000,4745636000,0.9648232607810627,0.045787
2023,UKRA,1597000,4745636000,0.03365196993616872,0.001597
2023,URUG,341000,4745636000,0.007185548997015363,0.000341
2023,United Kingdom,34089000,4745636000,0.7183231077984068,0.034089
2023,United States,101336000,4745636000,2.135351299593985,0.101336
2023,Vietnam,115415000,4745636000,2.432023863608587,0.115415
2024,ARGE,1181000,5951293000,0.01984442708500489,0.001181
2024,ASTA,25232000,5951293000,0.4239750924715016,0.025232
2024,AUST,3406000,5951293000,0.0572312605008693,0.003406
2024,BHRN,40000,5951293000,0.0006721228479256525,4e-05
2024,BRUN,4000,5951293000,6.721228479256526e-05,4e-06
2024,BULG,39000,5951293000,0.0006553197767275111,3.9e-05
2024,BVIR,1000,5951293000,1.6803071198141314e-05,1e-06
2024,Belgium,21584000,5951293000,0.36267748874068206,0.021584
2024,Brazil,53025000,5951293000,0.8909828502814431,0.053025
2024,CHLE,41000,5951293000,0.0006889259191237937,4.1e-05
2024,CMBD,11000,5951293000,0.0001848337831795544,1.1e-05
2024,CROA,428000,5951293000,0.007191714472804481,0.000428
2024,Canada,40279000,5951293000,0.6768109047899339,0.040279
2024,China,1139801000,5951293000,19.152157354712664,1.139801
2024,Czech Republic,11033000,5951293000,0.1853882845290931,0.011033
2024,DENM,3657000,5951293000,0.06144883137160277,0.003657
2024,EGYP,118000,5951293000,0.0019827624013806747,0.000118
2024,ESTO,436000,5951293000,0.007326139042389612,0.000436
2024,FCAM,8000,5951293000,0.0001344245695851305,8e-06
2024,FINL,34921000,5951293000,0.5867800493102928,0.034921
2024,France,21360000,5951293000,0.3589136007922984,0.02136
2024,GHAN,9000,5951293000,0.0001512276407832718,9e-06
2024,GREE,75000,5951293000,0.0012602303398605982,7.5e-05
2024,Germany,170937000,5951293000,2.8722665813966812,0.170937
2024,HGRY,262000,5951293000,0.004402404653913023,0.000262
2024,Hong Kong,2167000,5951293000,0.03641225528637222,0.002167
2024,IRE,363000,5951293000,0.006099514844925296,0.000363
2024,ISRA,79000,5951293000,0.0013274426246531637,7.9e-05
2024,India,183933000,5951293000,3.0906392946877257,0.183933
2024,Indonesia,996626000,5951293000,16.746377635918783,0.996626
2024,Italy,79832000,5951293000,1.3414227798900173,0.079832
2024,Japan,192915000,5951293000,3.2415644801894308,0.192915
2024,KAZA,42632000,5951293000,0.7163485313191603,0.042632
2024,KUWA,6000,5951293000,0.00010081842718884786,6e-06
2024,KYRG,2000,5951293000,3.360614239628263e-05,2e-06
2024,LATV,499000,5951293000,0.008384732527872515,0.000499
2024,LITH,1310000,5951293000,0.02201202326956512,0.00131
2024,LUX,3038000,5951293000,0.05104773029995331,0.003038
2024,MAUS,121000,5951293000,0.002033171614975099,0.000121
2024,Malaysia,112134000,5951293000,1.8841955857323778,0.112134
2024,Mexico,17478000,5951293000,0.2936840784011139,0.017478
2024,NAMI,8000,5951293000,0.0001344245695851305,8e-06
2024,NAUR,9000,5951293000,0.0001512276407832718,9e-06
2024,NICA,15000,5951293000,0.0002520460679721197,1.5e-05
2024,NIGE,42000,5951293000,0.0007057289903219351,4.2e-05
2024,NWAY,5905000,5951293000,0.09922213542502445,0.005905
2024,Netherlands,6392000,5951293000,0.10740523109851927,0.006392
2024,New Zealand,25926000,5951293000,0.4356364238830116,0.025926
2024,No Country Details,1608436000,5951293000,27.026664625653616,1.608436
2024,OMAN,62059000,5951293000,1.0427817954854517,0.062059
2024,PNG,417000,5951293000,0.0070068806896249275,0.000417
2024,PNMA,10000,5951293000,0.00016803071198141312,1e-05
2024,PORT,105000,5951293000,0.0017643224758048378,0.000105
2024,Pakistan,7072000,5951293000,0.11883131951325536,0.007072
2024,Philippines,566000,5951293000,0.009510538298147983,0.000566
2024,Poland,18054000,5951293000,0.30336264741124325,0.018054
2024,QATA,133000,5951293000,0.0022348084693527945,0.000133
2024,RICO,3000,5951293000,5.040921359442393e-05,3e-06
2024,ROUM,6529000,5951293000,0.10970725185266463,0.006529
2024,SALV,25000,5951293000,0.00042007677995353277,2.5e-05
2024,SERB,3000,5951293000,5.040921359442393e-05,3e-06
2024,SEYC,115000,5951293000,0.0019323531877862507,0.000115
2024,SLOV,200000,5951293000,0.003360614239628262,0.0002
2024,SVAK,142000,5951293000,0.0023860361101360663,0.000142
2024,Singapore,39488000,5951293000,0.6635196754722041,0.039488
2024,South Africa,27838000,5951293000,0.46776389601385787,0.027838
2024,South Korea,197627000,5951293000,3.320740551675073,0.197627
2024,Spain,22892000,5951293000,0.38465590586785087,0.022892
2024,Sweden,97261000,5951293000,1.6342835078024223,0.097261
2024,Switzerland,4882000,5951293000,0.08203259358932588,0.004882
2024,TURS,2000,5951293000,3.360614239628263e-05,2e-06
2024,Taiwan,210214000,5951293000,3.532240808846078,0.210214
2024,Thailand,62030000,5951293000,1.0422945064207056,0.06203
2024,Turkey,45694000,5951293000,0.767799535327869,0.045694
2024,UAEM,40703000,5951293000,0.6839354069779457,0.040703
2024,UKRA,1245000,5951293000,0.020919823641685934,0.001245
2024,URUG,1000,5951293000,1.6803071198141314e-05,1e-06
2024,United Kingdom,35263000,5951293000,0.592526699660057,0.035263
2024,United States,114015000,5951293000,1.9158021626560817,0.114015
2024,Vietnam,148949000,5951293000,2.5028006518919503,0.148949
2025,AGUA,2080000,5361091000,0.038798073004170236,0.00208
2025,ALBA,186000,5361091000,0.0034694430667190686,0.000186
2025,ARGE,3505000,5361091000,0.06537848359596955,0.003505
2025,ASTA,39704000,5361091000,0.7405955243065264,0.039704
2025,AUST,6436000,5361091000,0.12005019127636521,0.006436
2025,BOHR,12000,5361091000,0.0002238350365625206,1.2e-05
2025,BULG,133000,5361091000,0.0024808383219012695,0.000133
2025,Belgium,13656000,5361091000,0.25472427160814837,0.013656
2025,Brazil,4086000,5361091000,0.07621582994953825,0.004086
2025,CHLE,19000,5361091000,0.00035440547455732423,1.9e-05
2025,CMBD,45000,5361091000,0.0008393813871094522,4.5e-05
2025,COMB,11000,5361091000,0.0002051821168489772,1.1e-05
2025,CROA,389000,5361091000,0.007255985768568375,0.000389
2025,Canada,35055000,5361091000,0.6538781005582632,0.035055
2025,China,1159568000,5361091000,21.62932880639407,1.159568
2025,Czech Republic,11753000,5361091000,0.21922776539327538,0.011753
2025,DENM,70068000,5361091000,1.3069727784885576,0.070068
2025,ESTO,390000,5361091000,0.007274638688281918,0.00039
2025,ETMR,14000,5361091000,0.00026114087598960733,1.4e-05
2025,FCAM,6000,5361091000,0.0001119175182812603,6e-06
2025,FIJI,7000,5361091000,0.00013057043799480367,7e-06
2025,FINL,26184000,5361091000,0.4884080497794199,0.026184
2025,France,19225000,5361091000,0.3586023814928715,0.019225
2025,GERG,6000,5361091000,0.0001119175182812603,6e-06
2025,GREE,82000,5361091000,0.0015295394165105573,8.2e-05
2025,Germany,121749000,5361091000,2.270974322204193,0.121749
2025,HGRY,323000,5361091000,0.006024893067474513,0.000323
2025,Hong Kong,9873000,5361091000,0.1841602763318138,0.009873
2025,IRE,144000,5361091000,0.002686020438750247,0.000144
2025,ISRA,260000,5361091000,0.0048497591255212795,0.00026
2025,India,349796000,5361091000,6.52471670411862,0.349796
2025,Indonesia,22399000,5361091000,0.41780674866365825,0.022399
2025,Italy,80704000,5361091000,1.505365232561805,0.080704
2025,JORD,4000,5361091000,7.461167885417353e-05,4e-06
2025,Japan,216004000,5361091000,4.029105269804225,0.216004
2025,KAZA,4302000,5361091000,0.08024486060766363,0.004302
2025,KUWA,29000,5361091000,0.000540934671692758,2.9e-05
2025,LATV,34000,5361091000,0.000634199270260475,3.4e-05
2025,LEBA,2000,5361091000,3.730583942708676e-05,2e-06
2025,LITH,829000,5361091000,0.015463270442527462,0.000829
2025,LUX,9064000,5361091000,0.16907006428355723,0.009064
2025,MALI,36000,5361091000,0.0006715051096875617,3.6e-05
2025,MORO,15000,5361091000,0.00027979379570315074,1.5e-05
2025,Malaysia,256732000,5361091000,4.78880138389742,0.256732
2025,Mexico,17954000,5361091000,0.3348945205369579,0.017954
2025,NAMI,23000,5361091000,0.00042901715341149777,2.3e-05
2025,NCAL,10000,5361091000,0.00018652919713543382,1e-05
2025,NICA,2000,5361091000,3.730583942708676e-05,2e-06
2025,NIGE,104000,5361091000,0.0019399036502085116,0.000104
2025,NWAY,4781000,5361091000,0.08917960915045091,0.004781
2025,Netherlands,7102000,5361091000,0.1324730358055851,0.007102
2025,New Zealand,37376000,5361091000,0.6971715272133974,0.037376
2025,No Country Details,1577680000,5361091000,29.42833837366312,1.57768
2025,OMAN,75715000,5361091000,1.4123058161109372,0.075715
2025,PLYN,3000,5361091000,5.595875914063015e-05,3e-06
2025,PNG,230000,5361091000,0.004290171534114978,0.00023
2025,PORT,224000,5361091000,0.004178254015833717,0.000224
2025,PSIA,23000,5361091000,0.00042901715341149777,2.3e-05
2025,Pakistan,3421000,5361091000,0.06381163834003191,0.003421
2025,Philippines,367000,5361091000,0.006845621534870421,0.000367
2025,Poland,16180000,5361091000,0.3018042409651319,0.01618
2025,QATA,691000,5361091000,0.012889167522058478,0.000691
2025,ROUM,6414000,5361091000,0.11963982704266726,0.006414
2025,SALV,1000,5361091000,1.865291971354338e-05,1e-06
2025,SAMO,99000,5361091000,0.0018466390516407947,9.9e-05
2025,SENE,46000,5361091000,0.0008580343068229955,4.6e-05
2025,SERB,14000,5361091000,0.00026114087598960733,1.4e-05
2025,SLEO,72000,5361091000,0.0013430102193751235,7.2e-05
2025,SLOV,359000,5361091000,0.006696398177162073,0.000359
2025,SRIL,22000,5361091000,0.0004103642336979544,2.2e-05
2025,SVAK,338000,5361091000,0.006304686863177663,0.000338
2025,Saudi Arabia,13000,5361091000,0.00024248795627606395,1.3e-05
2025,Singapore,55581000,5361091000,1.0367479305984548,0.055581
2025,South Africa,28032000,5361091000,0.522878645410048,0.028032
2025,South Korea,232131000,5361091000,4.3299209060245385,0.232131
2025,Spain,13692000,5361091000,0.255395776717836,0.013692
2025,Sweden,107096000,5361091000,1.997653089641642,0.107096
2025,Switzerland,6044000,5361091000,0.11273824674865619,0.006044
2025,Taiwan,192861000,5361091000,3.59742074887369,0.192861
2025,Thailand,56332000,5361091000,1.0507562733033258,0.056332
2025,Turkey,46654000,5361091000,0.8702333163156529,0.046654
2025,UAEM,21362000,5361091000,0.3984636709207137,0.021362
2025,UKRA,1209000,5361091000,0.022551379933673947,0.001209
2025,United Kingdom,32907000,5361091000,0.6138116290135721,0.032907
2025,United States,133912000,5361091000,2.4978497846800214,0.133912
2025,Vietnam,219095000,5361091000,4.086761444638787,0.219095
2026,AGUA,665000,2779327000,0.023926655625624474,0.000665
2026,ALBA,623000,2779327000,0.022415498428216614,0.000623
2026,ARGE,22000,2779327000,0.0007915585319755466,2.2e-05
2026,ASTA,5209000,2779327000,0.18741947241184648,0.005209
2026,AUST,3275000,2779327000,0.1178342814645416,0.003275
2026,BHRN,45000,2779327000,0.001619096997222709,4.5e-05
2026,BOHR,9000,2779327000,0.0003238193994445418,9e-06
2026,BULG,51000,2779327000,0.0018349765968524033,5.1e-05
2026,Belgium,5988000,2779327000,0.21544784043043513,0.005988
2026,Brazil,4397000,2779327000,0.15820376659529448,0.004397
2026,CHLE,46000,2779327000,0.0016550769304943247,4.6e-05
2026,CMBD,17000,2779327000,0.0006116588656174678,1.7e-05
2026,COBR,3000,2779327000,0.00010793979981484727,3e-06
2026,COMB,2687000,2779327000,0.09667808070083153,0.002687
2026,CROA,94000,2779327000,0.003382113727531881,9.4e-05
2026,CUBA,4000,2779327000,0.00014391973308646304,4e-06
2026,Canada,13985000,2779327000,0.5031793668035464,0.013985
2026,China,641252000,2779327000,23.072204170290146,0.641252
2026,Czech Republic,4574000,2779327000,0.16457221478437045,0.004574
2026,DENM,1957000,2779327000,0.07041272941255203,0.001957
2026,ESTO,651000,2779327000,0.023422936559821854,0.000651
2026,FCAM,11000,2779327000,0.0003957792659877733,1.1e-05
2026,FINL,21726000,2779327000,0.7817000302591239,0.021726
2026,France,13152000,2779327000,0.47320808238829043,0.013152
2026,GREE,3000,2779327000,0.00010793979981484727,3e-06
2026,Germany,49761000,2779327000,1.7903974595288716,0.049761
2026,HGRY,451000,2779327000,0.016226949905498705,0.000451
2026,Hong Kong,223000,2779327000,0.008023525119570314,0.000223
2026,IRE,38000,2779327000,0.0013672374643213987,3.8e-05
2026,ISRA,765000,2779327000,0.02752464895278605,0.000765
2026,India,147018000,2779327000,5.289697829726405,0.147018
2026,Indonesia,13129000,2779327000,0.47238054392304324,0.013129
2026,Italy,48453000,2779327000,1.743335706809598,0.048453
2026,Japan,95547000,2779327000,3.4377746843030703,0.095547
2026,KAZA,3375000,2779327000,0.12143227479170318,0.003375
2026,KUWA,15000,2779327000,0.0005396989990742363,1.5e-05
2026,LATV,1000,2779327000,3.597993327161576e-05,1e-06
2026,LITH,21000,2779327000,0.0007555785987039309,2.1e-05
2026,LUX,1026000,2779327000,0.03691541153667777,0.001026
2026,Malaysia,30985000,2779327000,1.1148382324210142,0.030985
2026,Mexico,17674000,2779327000,0.6359093406425369,0.017674
2026,NCAL,12000,2779327000,0.0004317591992593891,1.2e-05
2026,NIGE,7000,2779327000,0.0002518595329013103,7e-06
2026,NWAY,1243000,2779327000,0.04472305705661838,0.001243
2026,Netherlands,8914000,2779327000,0.32072512518318286,0.008914
2026,New Zealand,28204000,2779327000,1.0147780379926508,0.028204
2026,No Country Details,1053719000,2779327000,37.91273930703368,1.053719
2026,OMAN,33483000,2779327000,1.2047161057335103,0.033483
2026,PNG,221000,2779327000,0.007951565253027081,0.000221
2026,PORT,132000,2779327000,0.0047493511918532795,0.000132
2026,Pakistan,353000,2779327000,0.012700916444880361,0.000353
2026,Philippines,16000,2779327000,0.0005756789323458521,1.6e-05
2026,Poland,3404000,2779327000,0.12247569285658003,0.003404
2026,QATA,478000,2779327000,0.01719840810383233,0.000478
2026,ROUM,1102000,2779327000,0.03964988646532056,0.001102
2026,SALV,20000,2779327000,0.000719598665432315,2e-05
2026,SAMO,22000,2779327000,0.0007915585319755466,2.2e-05
2026,SERB,3000,2779327000,0.00010793979981484727,3e-06
2026,SEYC,73000,2779327000,0.00262653512882795,7.3e-05
2026,SLEO,105000,2779327000,0.0037778929935196547,0.000105
2026,SLOV,1184000,2779327000,0.04260024099359305,0.001184
2026,SRIL,2000,2779327000,7.195986654323152e-05,2e-06
2026,SVAK,100000,2779327000,0.0035979933271615755,0.0001
2026,Singapore,16252000,2779327000,0.5847458755302992,0.016252
2026,South Africa,11582000,2779327000,0.41671958715185364,0.011582
2026,South Korea,94260000,2779327000,3.391468510182501,0.09426
2026,Spain,4826000,2779327000,0.17363915796881763,0.004826
2026,Sweden,50611000,2779327000,1.8209804028097452,0.050611
2026,Switzerland,2923000,2779327000,0.10516934495293286,0.002923
2026,TUNI,1000,2779327000,3.597993327161576e-05,1e-06
2026,Taiwan,101739000,2779327000,3.660562431120915,0.101739
2026,Thailand,13594000,2779327000,0.48911121289434456,0.013594
2026,Turkey,23386000,2779327000,0.8414267194900061,0.023386
2026,UAEM,4486000,2779327000,0.16140598065646827,0.004486
2026,UGAN,1000,2779327000,3.597993327161576e-05,1e-06
2026,UKRA,261000,2779327000,0.009390762583891711,0.000261
2026,United Kingdom,32955000,2779327000,1.1857187009660972,0.032955
2026,United States,56836000,2779327000,2.044955487425553,0.056836
2026,Vietnam,103889000,2779327000,3.7379192876548895,0.103889
